[
  {
    "model": "Hotel.KategoriaJedzenia",
    "pk": 1,
    "fields": {
      "nazwa": "Przystawki"
    }
  },
  {
    "model": "Hotel.KategoriaJedzenia",
    "pk": 2,
    "fields": {
      "nazwa": "Zupy"
    }
  },
  {
    "model": "Hotel.KategoriaJedzenia",
    "pk": 3,
    "fields": {
      "nazwa": "Dania G??wne"
    }
  },
  {
    "model": "Hotel.KategoriaJedzenia",
    "pk": 4,
    "fields": {
      "nazwa": "Dodatki"
    }
  },
  {
    "model": "Hotel.KategoriaJedzenia",
    "pk": 5,
    "fields": {
      "nazwa": "Sur?wki"
    }
  },
  {
    "model": "Hotel.KategoriaJedzenia",
    "pk": 6,
    "fields": {
      "nazwa": "Desery"
    }
  },
  {
    "model": "Hotel.KategoriaJedzenia",
    "pk": 7,
    "fields": {
      "nazwa": "Napoje"
    }
  },
  {
    "model": "Hotel.Jedzenie",
    "pk": 1,
    "fields": {
      "nazwa": "R??a z ?ososia na zielonej sa?acie",
      "cena": "8.00",
      "opis": "",
      "zdjecie": "",
      "kategoria": "1"
    }
  },
  {
    "model": "Hotel.Jedzenie",
    "pk": 2,
    "fields": {
      "nazwa": "Caprese",
      "cena": "7.00",
      "opis": "",
      "zdjecie": "",
      "kategoria": "1"
    }
  },
  {
    "model": "Hotel.Jedzenie",
    "pk": 3,
    "fields": {
      "nazwa": "Zapiekany camembert z ?urawin? i grzankami",
      "cena": "9.50",
      "opis": "",
      "zdjecie": "",
      "kategoria": "1"
    }
  },
  {
    "model": "Hotel.Jedzenie",
    "pk": 4,
    "fields": {
      "nazwa": "Schab w galarecie",
      "cena": "6.50",
      "opis": "",
      "zdjecie": "",
      "kategoria": "1"
    }
  },
  {
    "model": "Hotel.Jedzenie",
    "pk": 5,
    "fields": {
      "nazwa": "Mix kolorowych sa?at z grilowanym kurczakiem i serem ple?niowym",
      "cena": "12.50",
      "opis": "",
      "zdjecie": "",
      "kategoria": "1"
    }
  },
  {
    "model": "Hotel.Jedzenie",
    "pk": 6,
    "fields": {
      "nazwa": "Ros?? z makaronem",
      "cena": "5.00",
      "opis": "",
      "zdjecie": "",
      "kategoria": "2"
    }
  },
  {
    "model": "Hotel.Jedzenie",
    "pk": 7,
    "fields": {
      "nazwa": "Ros?? z jajkiem przepi?rczym i szynk?",
      "cena": "7.00",
      "opis": "",
      "zdjecie": "",
      "kategoria": "2"
    }
  },
  {
    "model": "Hotel.Jedzenie",
    "pk": 8,
    "fields": {
      "nazwa": "Zupa grzybowa w czarce chlebowej",
      "cena": "7.60",
      "opis": "",
      "zdjecie": "",
      "kategoria": "2"
    }
  },
  {
    "model": "Hotel.Jedzenie",
    "pk": 9,
    "fields": {
      "nazwa": "Krem z broku??w/ zielonego groszku/ selera z pra?onymi migda?ami",
      "cena": "4.70",
      "opis": "",
      "zdjecie": "",
      "kategoria": "2"
    }
  },
  {
    "model": "Hotel.Jedzenie",
    "pk": 10,
    "fields": {
      "nazwa": "Zupa serowa z grzankami",
      "cena": "6.70",
      "opis": "",
      "zdjecie": "",
      "kategoria": "2"
    }
  },
  {
    "model": "Hotel.Jedzenie",
    "pk": 11,
    "fields": {
      "nazwa": "Schab pieczony w sosie w?asnym",
      "cena": "8.70",
      "opis": "",
      "zdjecie": "",
      "kategoria": "3"
    }
  },
  {
    "model": "Hotel.Jedzenie",
    "pk": 12,
    "fields": {
      "nazwa": "Filet z pstr?ga w sosie cytrynowym",
      "cena": "9.70",
      "opis": "",
      "zdjecie": "",
      "kategoria": "3"
    }
  },
  {
    "model": "Hotel.Jedzenie",
    "pk": 13,
    "fields": {
      "nazwa": "Pol?dwiczki wieprzowe w sosie borowikowym",
      "cena": "10.70",
      "opis": "",
      "zdjecie": "",
      "kategoria": "3"
    }
  },
  {
    "model": "Hotel.Jedzenie",
    "pk": 14,
    "fields": {
      "nazwa": "Plater 3 mi?s",
      "cena": "12.90",
      "opis": "",
      "zdjecie": "",
      "kategoria": "3"
    }
  },
  {
    "model": "Hotel.Jedzenie",
    "pk": 15,
    "fields": {
      "nazwa": "Rolada z indyka nadziewana szpinakiem i serem feta",
      "cena": "14.20",
      "opis": "",
      "zdjecie": "",
      "kategoria": "3"
    }
  },
  {
    "model": "Hotel.Jedzenie",
    "pk": 16,
    "fields": {
      "nazwa": "Ciel?ce zrazy zawijane",
      "cena": "9.20",
      "opis": "",
      "zdjecie": "",
      "kategoria": "3"
    }
  },
  {
    "model": "Hotel.Jedzenie",
    "pk": 17,
    "fields": {
      "nazwa": "Kotlet po szwajcarsku nadziewany serem i szynk?",
      "cena": "15.00",
      "opis": "",
      "zdjecie": "",
      "kategoria": "3"
    }
  },
  {
    "model": "Hotel.Jedzenie",
    "pk": 18,
    "fields": {
      "nazwa": "Ziemniaki gotowane",
      "cena": "3.00",
      "opis": "",
      "zdjecie": "",
      "kategoria": "4"
    }
  },
  {
    "model": "Hotel.Jedzenie",
    "pk": 19,
    "fields": {
      "nazwa": "Ziemniaki opiekane",
      "cena": "4.00",
      "opis": "",
      "zdjecie": "",
      "kategoria": "4"
    }
  },
  {
    "model": "Hotel.Jedzenie",
    "pk": 20,
    "fields": {
      "nazwa": "Frytki",
      "cena": "5.50",
      "opis": "",
      "zdjecie": "",
      "kategoria": "4"
    }
  },
  {
    "model": "Hotel.Jedzenie",
    "pk": 21,
    "fields": {
      "nazwa": "Dufinki",
      "cena": "6.00",
      "opis": "",
      "zdjecie": "",
      "kategoria": "4"
    }
  },
  {
    "model": "Hotel.Jedzenie",
    "pk": 22,
    "fields": {
      "nazwa": "Kopytka",
      "cena": "5.40",
      "opis": "",
      "zdjecie": "",
      "kategoria": "4"
    }
  },
  {
    "model": "Hotel.Jedzenie",
    "pk": 23,
    "fields": {
      "nazwa": "Kluski ?l?skie",
      "cena": "4.40",
      "opis": "",
      "zdjecie": "",
      "kategoria": "4"
    }
  },
  {
    "model": "Hotel.Jedzenie",
    "pk": 24,
    "fields": {
      "nazwa": "Ry?",
      "cena": "4.00",
      "opis": "",
      "zdjecie": "",
      "kategoria": "4"
    }
  },
  {
    "model": "Hotel.Jedzenie",
    "pk": 25,
    "fields": {
      "nazwa": "Jarzyny gotowane lub grillowanie",
      "cena": "7.00",
      "opis": "",
      "zdjecie": "",
      "kategoria": "4"
    }
  },
  {
    "model": "Hotel.Jedzenie",
    "pk": 26,
    "fields": {
      "nazwa": "Mizeria",
      "cena": "3.50",
      "opis": "",
      "zdjecie": "",
      "kategoria": "5"
    }
  },
  {
    "model": "Hotel.Jedzenie",
    "pk": 27,
    "fields": {
      "nazwa": "Seler",
      "cena": "2.50",
      "opis": "",
      "zdjecie": "",
      "kategoria": "5"
    }
  },
  {
    "model": "Hotel.Jedzenie",
    "pk": 28,
    "fields": {
      "nazwa": "Marchewka z jab?kiem",
      "cena": "3.20",
      "opis": "",
      "zdjecie": "",
      "kategoria": "5"
    }
  },
  {
    "model": "Hotel.Jedzenie",
    "pk": 29,
    "fields": {
      "nazwa": "Wiosenna",
      "cena": "5.20",
      "opis": "",
      "zdjecie": "",
      "kategoria": "5"
    }
  },
  {
    "model": "Hotel.Jedzenie",
    "pk": 30,
    "fields": {
      "nazwa": "Bia?a kapusta",
      "cena": "4.00",
      "opis": "",
      "zdjecie": "",
      "kategoria": "5"
    }
  },
  {
    "model": "Hotel.Jedzenie",
    "pk": 31,
    "fields": {
      "nazwa": "Czerwona Kapusta",
      "cena": "4.50",
      "opis": "",
      "zdjecie": "",
      "kategoria": "5"
    }
  },
  {
    "model": "Hotel.Jedzenie",
    "pk": 32,
    "fields": {
      "nazwa": "Kapusta zasma?ana",
      "cena": "5.20",
      "opis": "",
      "zdjecie": "",
      "kategoria": "5"
    }
  },
  {
    "model": "Hotel.Jedzenie",
    "pk": 33,
    "fields": {
      "nazwa": "?wik?a z chrzanem",
      "cena": "3.40",
      "opis": "",
      "zdjecie": "",
      "kategoria": "5"
    }
  },
  {
    "model": "Hotel.Jedzenie",
    "pk": 34,
    "fields": {
      "nazwa": "Buraczki zasma?ane",
      "cena": "4.40",
      "opis": "",
      "zdjecie": "",
      "kategoria": "5"
    }
  },
  {
    "model": "Hotel.Jedzenie",
    "pk": 35,
    "fields": {
      "nazwa": "Lody z owocami i bit? ?mietan?",
      "cena": "3.50",
      "opis": "",
      "zdjecie": "",
      "kategoria": "6"
    }
  },
  {
    "model": "Hotel.Jedzenie",
    "pk": 36,
    "fields": {
      "nazwa": "Szarlotka na ciep?o z sosem waniliowym i ga?k? lod?w",
      "cena": "5.50",
      "opis": "",
      "zdjecie": "",
      "kategoria": "6"
    }
  },
  {
    "model": "Hotel.Jedzenie",
    "pk": 37,
    "fields": {
      "nazwa": "Szarlotka na ciep?o z sosem waniliowym i ga?k? lod?w",
      "cena": "6.00",
      "opis": "",
      "zdjecie": "",
      "kategoria": "6"
    }
  },
  {
    "model": "Hotel.Jedzenie",
    "pk": 38,
    "fields": {
      "nazwa": "Galaretka ze ?wie?ymi owocami",
      "cena": "3.00",
      "opis": "",
      "zdjecie": "",
      "kategoria": "6"
    }
  },
  {
    "model": "Hotel.Jedzenie",
    "pk": 39,
    "fields": {
      "nazwa": "Panacotta z sosem malinowym",
      "cena": "4.00",
      "opis": "",
      "zdjecie": "",
      "kategoria": "6"
    }
  },
  {
    "model": "Hotel.Jedzenie",
    "pk": 40,
    "fields": {
      "nazwa": "Koktajl ze ?wie?ych owoc?w",
      "cena": "5.40",
      "opis": "",
      "zdjecie": "",
      "kategoria": "6"
    }
  },
  {
    "model": "Hotel.Jedzenie",
    "pk": 41,
    "fields": {
      "nazwa": "Napoje gor?ce (kawa, herbata) nielimitowane",
      "cena": "5.50",
      "opis": "",
      "zdjecie": "",
      "kategoria": "7"
    }
  },
  {
    "model": "Hotel.Jedzenie",
    "pk": 42,
    "fields": {
      "nazwa": "Napoje zimne (soki, woda mineralna, Coca cola, Fanta, Sprite) nielimitowane",
      "cena": "6.50",
      "opis": "",
      "zdjecie": "",
      "kategoria": "7"
    }
  },
  {
    "model": "Hotel.Usluga",
    "pk": 1,
    "fields": {
      "nazwa": "Pralnia",
      "cena": "10.00",
      "opis": "Podana cena dotyczy udost?pnienia jednej pralki na czas jednego prania.",
      "dostepnosc": "True",
      "zewnetrzna": "False"
    }
  },
  {
    "model": "Hotel.Usluga",
    "pk": 2,
    "fields": {
      "nazwa": "Opieka nad dzie?mi",
      "cena": "10.00",
      "opis": "Podana cena, to cena za godzine opieki.",
      "dostepnosc": "True",
      "zewnetrzna": "False"
    }
  },
  {
    "model": "Hotel.Usluga",
    "pk": 3,
    "fields": {
      "nazwa": "Sejf/Depozyt",
      "cena": "5.00",
      "opis": "Cena zale?na od wielko?ci przedmiotu. Podana cena dotyczy przechowywania przedmiotu wielko?ci du?ego jab?ka przez okres jednego dnia.",
      "dostepnosc": "True",
      "zewnetrzna": "False"
    }
  },
  {
    "model": "Hotel.Usluga",
    "pk": 4,
    "fields": {
      "nazwa": "Sauna",
      "cena": "12.00",
      "opis": "Cena za godzin? przebywania w Saunie. Sauna znajduje si? 200 metr?w od naszego hotelu.",
      "dostepnosc": "True",
      "zewnetrzna": "True"
    }
  },
  {
    "model": "Hotel.Usluga",
    "pk": 5,
    "fields": {
      "nazwa": "Basen",
      "cena": "10.00",
      "opis": "Cena za godzin? przebywania na terenie basenu. Jest to basen kryty. Basen znajduje si? w odleg?o?ci 300 metr?w od naszego hotelu.",
      "dostepnosc": "True",
      "zewnetrzna": "True"
    }
  },
  {
    "model": "Hotel.Usluga",
    "pk": 6,
    "fields": {
      "nazwa": "Kort tenisowy",
      "cena": "20.00",
      "opis": "Cena za wynaj?cie kortu na godzin?. Niezale?na od ilo?ci graczy. Korty znajduj? si? 500 metr?w od naszego hotelu.",
      "dostepnosc": "True",
      "zewnetrzna": "True"
    }
  },
  {
    "model": "Hotel.Pokoj",
    "pk": 1,
    "fields": {
      "numer": "1",
      "rozmiar": "2",
      "opis": "Rozmiar okre?la ilo?? os?b, kt?re komfortowo pomiesz? si? w tym pokoju. Podana cena dotyczy wynaj?cia pokoju na 24h (od 15.00 - do 13.00 kolejnego dnia). Cena jest cen? brutto.",
      "opis_combo": "Du?a ?azienka, dobry widok",
      "dostepnosc": "True",
      "cena": "120.00"
    }
  },
  {
    "model": "Hotel.Pokoj",
    "pk": 2,
    "fields": {
      "numer": "2",
      "rozmiar": "1",
      "opis": "Rozmiar okre?la ilo?? os?b, kt?re komfortowo pomiesz? si? w tym pokoju. Podana cena dotyczy wynaj?cia pokoju na 24h (od 15.00 - do 13.00 kolejnego dnia). Cena jest cen? brutto.",
      "opis_combo": "Ma?a ?azienka, 50 calowy tv",
      "dostepnosc": "True",
      "cena": "75.00"
    }
  },
  {
    "model": "Hotel.Pokoj",
    "pk": 3,
    "fields": {
      "numer": "3",
      "rozmiar": "3",
      "opis": "Rozmiar okre?la ilo?? os?b, kt?re komfortowo pomiesz? si? w tym pokoju. Podana cena dotyczy wynaj?cia pokoju na 24h (od 15.00 - do 13.00 kolejnego dnia). Cena jest cen? brutto.",
      "opis_combo": "?wie?o malowany, ko?yska",
      "dostepnosc": "True",
      "cena": "160.00"
    }
  },
  {
    "model": "Hotel.Pokoj",
    "pk": 4,
    "fields": {
      "numer": "4",
      "rozmiar": "2",
      "opis": "Rozmiar okre?la ilo?? os?b, kt?re komfortowo pomiesz? si? w tym pokoju. Podana cena dotyczy wynaj?cia pokoju na 24h (od 15.00 - do 13.00 kolejnego dnia). Cena jest cen? brutto.",
      "opis_combo": "Tani, nowe ???ka",
      "dostepnosc": "True",
      "cena": "100.00"
    }
  },
  {
    "model": "Hotel.Pokoj",
    "pk": 5,
    "fields": {
      "numer": "5",
      "rozmiar": "2",
      "opis": "Rozmiar okre?la ilo?? os?b, kt?re komfortowo pomiesz? si? w tym pokoju. Podana cena dotyczy wynaj?cia pokoju na 24h (od 15.00 - do 13.00 kolejnego dnia). Cena jest cen? brutto.",
      "opis_combo": "?azienka z wann?, kuchnia",
      "dostepnosc": "True",
      "cena": "140.00"
    }
  },
  {
    "model": "Hotel.Pokoj",
    "pk": 6,
    "fields": {
      "numer": "6",
      "rozmiar": "4",
      "opis": "Rozmiar okre?la ilo?? os?b, kt?re komfortowo pomiesz? si? w tym pokoju. Podana cena dotyczy wynaj?cia pokoju na 24h (od 15.00 - do 13.00 kolejnego dnia). Cena jest cen? brutto.",
      "opis_combo": "2 pomieszczenia sypialne",
      "dostepnosc": "True",
      "cena": "200.00"
    }
  },
  {
    "model": "Hotel.Pokoj",
    "pk": 7,
    "fields": {
      "numer": "7",
      "rozmiar": "2",
      "opis": "Rozmiar okre?la ilo?? os?b, kt?re komfortowo pomiesz? si? w tym pokoju. Podana cena dotyczy wynaj?cia pokoju na 24h (od 15.00 - do 13.00 kolejnego dnia). Cena jest cen? brutto.",
      "opis_combo": "Obrazy, ?adny wystr?j",
      "dostepnosc": "True",
      "cena": "110.00"
    }
  },
  {
    "model": "Hotel.Pokoj",
    "pk": 8,
    "fields": {
      "numer": "8",
      "rozmiar": "2",
      "opis": "Rozmiar okre?la ilo?? os?b, kt?re komfortowo pomiesz? si? w tym pokoju. Podana cena dotyczy wynaj?cia pokoju na 24h (od 15.00 - do 13.00 kolejnego dnia). Cena jest cen? brutto.",
      "opis_combo": "Nowoczesny pok?j dla dwojga",
      "dostepnosc": "True",
      "cena": "150.00"
    }
  },
  {
    "model": "Hotel.Pokoj",
    "pk": 9,
    "fields": {
      "numer": "9",
      "rozmiar": "2",
      "opis": "Rozmiar okre?la ilo?? os?b, kt?re komfortowo pomiesz? si? w tym pokoju. Podana cena dotyczy wynaj?cia pokoju na 24h (od 15.00 - do 13.00 kolejnego dnia). Cena jest cen? brutto.",
      "opis_combo": "Pok?j z wy?szej p??ki dla 2",
      "dostepnosc": "True",
      "cena": "170.00"
    }
  },
  {
    "model": "Hotel.Pokoj",
    "pk": 10,
    "fields": {
      "numer": "10",
      "rozmiar": "3",
      "opis": "Rozmiar okre?la ilo?? os?b, kt?re komfortowo pomiesz? si? w tym pokoju. Podana cena dotyczy wynaj?cia pokoju na 24h (od 15.00 - do 13.00 kolejnego dnia). Cena jest cen? brutto.",
      "opis_combo": "?adny widok, pok?j na parterze",
      "dostepnosc": "True",
      "cena": "150.00"
    }
  },
  {
    "model": "Hotel.Pokoj",
    "pk": 11,
    "fields": {
      "numer": "11",
      "rozmiar": "1",
      "opis": "Rozmiar okre?la ilo?? os?b, kt?re komfortowo pomiesz? si? w tym pokoju. Podana cena dotyczy wynaj?cia pokoju na 24h (od 15.00 - do 13.00 kolejnego dnia). Cena jest cen? brutto.",
      "opis_combo": "Najlepszy wyb?r dla singla",
      "dostepnosc": "False",
      "cena": "50.00"
    }
  },
  {
    "model": "Hotel.Wiadomosc",
    "pk": 1,
    "fields": {
      "email": "xxx69@op.pl",
      "nazwisko": "Nowak",
      "tresc": "Witam, prosz? o opisanie wielko?ci ???ek w pokoju numer 4."
    }
  },
  {
    "model": "Hotel.Wiadomosc",
    "pk": 2,
    "fields": {
      "email": "dziadzia@gmail.com",
      "nazwisko": "Dziadek",
      "tresc": "Chcia?bym si? dowiedzie? jakie kana?y s? dost?pne w tv. Chodzi o pok?j numer 2."
    }
  },
  {
    "model": "Hotel.Wiadomosc",
    "pk": 3,
    "fields": {
      "email": "wielki_misio@o2.pl",
      "nazwisko": "",
      "tresc": "Chcia?bym si? dowiedzie?, czy jest mo?liwo?? wy?cielenia ???ka r??ami przed moim rpzyjazdem do hotelu? Oczywi?cie zap?ac?."
    }
  },
  {
    "model": "Hotel.Wiadomosc",
    "pk": 4,
    "fields": {
      "email": "",
      "nazwisko": "",
      "tresc": "D?? waszej strony ?le wy?wietla si? na moim telefonie - samsung galaxy 4. Defaultowa przegl?darka z jej aktualn? wersj?."
    }
  },
  {
    "model": "Hotel.OpisHotelu",
    "pk": 1,
    "fields": {
      "cena_dorosly": "40.00",
      "cena_dziecko": "25.00",
      "opis_hotelu": "Hotel XXXXX po?o?ony jest w Krakowie przy ulicy Aleksandry 30, przy trasie mi?dzynarodowej E4 i obwodnicy krakowskiej. Hotel posiada dogodne i szybkie po??czenia z Wawelem (6 km), Wieliczk? (3 km), Kazimierzem (4 km) i Portem Lotniczym w Balicach (22 km). Po?o?enie Hotelu XXXXX umo?liwia wygodne planowanie dalszych wycieczek turystycznych do m.in. Zakopanego, O?wi?cimia i Cz?stochowy oraz doskona?e po??czenie tramwajowe i autobusowe z wa?niejszymi cz??ciami Krakowa. Obiekt usytuowany jest w?r?d zieleni, co gwarantuje naszym Go?ciom indywidualnym, biznesowym oraz grupom turystycznym, wypoczynek w ciszy i spokoju, z dala od ulicznego zgie?ku i ha?asu, o ka?dej porze roku. Gwarantujemy mi??, profesjonaln? obs?ug? oraz wygod? i domow? atmosfer?. Recepcja s?u?y Pa?stwu pomoc? 24h/dob?. Hotel oferuje standard 3-gwiazdkowy plus w cenie 2-gwiazdkowej.",
      "opis_google": "",
      "skype": "",
      "gadu_gadu": "",
      "email": "",
      "facebook": "",
      "twitter": "",
      "wyswietlaj_mape": "True",
      "url_mapy": "",
      "logo": "",
      "tekst_logo": "Nowy Tani 3 Gwiazdkowy Hotel",
      "tekst_logo_widoczny": "True",
      "uklad": "ML"
    }
  },
  {
    "model": "Hotel.ZdjeciaPokojow",
    "pk": 1,
    "fields": {
      "zdjecie": "",
      "pokoj": "1"
    }
  },
  {
    "model": "Hotel.ZdjeciaHotelu",
    "pk": 1,
    "fields": {
      "zdjecie": ""
    }
  },
  {
    "model": "Hotel.Rezerwacja",
    "pk": 1,
    "fields": {
      "poczatek_pobytu": "2013-10-17",
      "koniec_pobytu": "2013-10-20",
      "email": "random_email@gmail.com",
      "telefon": "111234528",
      "nazwisko": "Kowalski",
      "dodatkowe_instrukcje": "Prosz? o wysypanie wiadra cukierk?w - kr?wek - na ???ko",
      "kod": "1f5Tf78Wmm91",
      "cena_dorosly": 100,
      "cena_dziecko": 50
    }
  },
  {
    "model": "Hotel.Rezerwacja",
    "pk": 2,
    "fields": {
      "poczatek_pobytu": "2013-10-24",
      "koniec_pobytu": "2013-10-30",
      "email": "randomszx_email@op.pl",
      "telefon": "124235633",
      "nazwisko": "Nowak",
      "dodatkowe_instrukcje": "Prosz? o przygotowanie r??nego rodzaju olejk?w do k?pieli w ?azience.",
      "kod": "T2s44Ghj812c",
      "cena_dorosly": 100,
      "cena_dziecko": 50
    }
  },
  {
    "model": "Hotel.Rezerwacja",
    "pk": 3,
    "fields": {
      "poczatek_pobytu": "2013-11-02",
      "koniec_pobytu": "2013-11-05",
      "email": "prawdziwymail@hotmail.com",
      "telefon": "",
      "nazwisko": "Czosnek",
      "dodatkowe_instrukcje": "",
      "kod": "sau72N9aA9md",
      "cena_dorosly": 100,
      "cena_dziecko": 50
    }
  },
  {
    "model": "Hotel.Rezerwacja",
    "pk": 4,
    "fields": {
      "poczatek_pobytu": "2013-09-01",
      "koniec_pobytu": "2013-09-04",
      "email": "mojmail@hotmail.com",
      "telefon": "212578933",
      "nazwisko": "Brzoza",
      "dodatkowe_instrukcje": "",
      "kod": "as9dmaAdd219",
      "cena_dorosly": 100,
      "cena_dziecko": 50
    }
  },
  {
    "model": "Hotel.Rezerwacja",
    "pk": 5,
    "fields": {
      "poczatek_pobytu": "2013-08-12",
      "koniec_pobytu": "2013-08-15",
      "email": "mariusz.jankowski@hotmail.com",
      "telefon": "712939152",
      "nazwisko": "Janowski",
      "dodatkowe_instrukcje": "Domagam si? r??owych zas?on!",
      "kod": "Axi8291oaAAx",
      "cena_dorosly": 100,
      "cena_dziecko": 50
    }
  },
  {
    "model": "Hotel.Rezerwacja",
    "pk": 6,
    "fields": {
      "poczatek_pobytu": "2013-11-02",
      "koniec_pobytu": "2013-11-05",
      "email": "emilia.cwierk@hotmail.com",
      "telefon": "",
      "nazwisko": "?wierk",
      "dodatkowe_instrukcje": "",
      "kod": "2i9XaZ01su2I",
      "cena_dorosly": 100,
      "cena_dziecko": 50
    }
  },
  {
    "model": "Hotel.Rezerwacja",
    "pk": 7,
    "fields": {
      "poczatek_pobytu": "2013-11-06",
      "koniec_pobytu": "2013-11-15",
      "email": "piotr.ziele@hotmail.com",
      "telefon": "880124512",
      "nazwisko": "Ziele",
      "dodatkowe_instrukcje": "",
      "kod": "si2maAx2kA1d",
      "cena_dorosly": 100,
      "cena_dziecko": 50
    }
  },
  {
    "model": "Hotel.Rezerwacja",
    "pk": 8,
    "fields": {
      "poczatek_pobytu": "2013-07-08",
      "koniec_pobytu": "2013-07-11",
      "email": "bogdan.sienkiewicz@hotmail.com",
      "telefon": "235235623623",
      "nazwisko": "Sienkiewicz",
      "dodatkowe_instrukcje": "",
      "kod": "op01mS91am22",
      "cena_dorosly": 100,
      "cena_dziecko": 50
    }
  },
  {
    "model": "Hotel.Rezerwacja",
    "pk": 9,
    "fields": {
      "poczatek_pobytu": "2013-07-22",
      "koniec_pobytu": "2013-07-25",
      "email": "toberus@gmail.com",
      "telefon": "",
      "nazwisko": "Tober",
      "dodatkowe_instrukcje": "",
      "kod": "25kax0La1Xa1",
      "cena_dorosly": 100,
      "cena_dziecko": 50
    }
  },
  {
    "model": "Hotel.Rezerwacja",
    "pk": 10,
    "fields": {
      "poczatek_pobytu": "2013-12-02",
      "koniec_pobytu": "2013-12-05",
      "email": "turkos555@hotmail.com",
      "telefon": "4256626243246",
      "nazwisko": "Turkos",
      "dodatkowe_instrukcje": "",
      "kod": "91mx9am1ssja",
      "cena_dorosly": 100,
      "cena_dziecko": 50
    }
  },
  {
    "model": "Hotel.UslugaNaRezerwacji",
    "pk": 1,
    "fields": {
      "rezerwacja": "1",
      "usluga": "3",
      "cena": "40.00"
    }
  },
  {
    "model": "Hotel.UslugaNaRezerwacji",
    "pk": 2,
    "fields": {
      "rezerwacja": "1",
      "usluga": "1",
      "cena": "10.00"
    }
  },
  {
    "model": "Hotel.UslugaNaRezerwacji",
    "pk": 3,
    "fields": {
      "rezerwacja": "2",
      "usluga": "4",
      "cena": "36.00"
    }
  },
  {
    "model": "Hotel.UslugaNaRezerwacji",
    "pk": 4,
    "fields": {
      "rezerwacja": "3",
      "usluga": "5",
      "cena": "30.00"
    }
  },
  {
    "model": "Hotel.UslugaNaRezerwacji",
    "pk": 5,
    "fields": {
      "rezerwacja": "4",
      "usluga": "6",
      "cena": "40.00"
    }
  },
  {
    "model": "Hotel.UslugaNaRezerwacji",
    "pk": 6,
    "fields": {
      "rezerwacja": "5",
      "usluga": "2",
      "cena": "50.00"
    }
  },
  {
    "model": "Hotel.UslugaNaRezerwacji",
    "pk": 7,
    "fields": {
      "rezerwacja": "6",
      "usluga": "5",
      "cena": "30.00"
    }
  },
  {
    "model": "Hotel.UslugaNaRezerwacji",
    "pk": 8,
    "fields": {
      "rezerwacja": "6",
      "usluga": "4",
      "cena": "12.00"
    }
  },
  {
    "model": "Hotel.PokojNaRezerwacji",
    "pk": 1,
    "fields": {
      "rezerwacja": "1",
      "pokoj": "1",
      "doroslych": 1,
      "dzieci": 1,
      "cena": "270.00"
    }
  },
  {
    "model": "Hotel.PokojNaRezerwacji",
    "pk": 2,
    "fields": {
      "rezerwacja": "2",
      "pokoj": "8",
      "doroslych": 1,
      "dzieci": 1,
      "cena": "900.00"
    }
  },
  {
    "model": "Hotel.PokojNaRezerwacji",
    "pk": 3,
    "fields": {
      "rezerwacja": "3",
      "pokoj": "2",
      "doroslych": 1,
      "dzieci": 1,
      "cena": "225.00"
    }
  },
  {
    "model": "Hotel.PokojNaRezerwacji",
    "pk": 4,
    "fields": {
      "rezerwacja": "4",
      "pokoj": "3",
      "doroslych": 1,
      "dzieci": 1,
      "cena": "480.00"
    }
  },
  {
    "model": "Hotel.PokojNaRezerwacji",
    "pk": 5,
    "fields": {
      "rezerwacja": "5",
      "pokoj": "9",
      "doroslych": 1,
      "dzieci": 1,
      "cena": "510.00"
    }
  },
  {
    "model": "Hotel.PokojNaRezerwacji",
    "pk": 6,
    "fields": {
      "rezerwacja": "6",
      "pokoj": "5",
      "doroslych": 1,
      "dzieci": 1,
      "cena": "420.00"
    }
  },
  {
    "model": "Hotel.PokojNaRezerwacji",
    "pk": 7,
    "fields": {
      "rezerwacja": "7",
      "pokoj": "2",
      "doroslych": 1,
      "dzieci": 1,
      "cena": "675.00"
    }
  },
  {
    "model": "Hotel.PokojNaRezerwacji",
    "pk": 8,
    "fields": {
      "rezerwacja": "8",
      "pokoj": "10",
      "doroslych": 1,
      "dzieci": 1,
      "cena": "450.00"
    }
  },
  {
    "model": "Hotel.PokojNaRezerwacji",
    "pk": 9,
    "fields": {
      "rezerwacja": "9",
      "pokoj": "1",
      "doroslych": 1,
      "dzieci": 1,
      "cena": "360.00"
    }
  },
  {
    "model": "Hotel.PokojNaRezerwacji",
    "pk": 10,
    "fields": {
      "rezerwacja": "10",
      "pokoj": "2",
      "doroslych": 1,
      "dzieci": 1,
      "cena": "225.00"
    }
  },
  {
    "model": "Hotel.PokojNaRezerwacji",
    "pk": 11,
    "fields": {
      "rezerwacja": "10",
      "pokoj": "9",
      "doroslych": 1,
      "dzieci": 1,
      "cena": "510.00"
    }
  }
]