[
  {
    "model": "Hotel.KategoriaJedzenia",
    "pk": 1,
    "fields": {
      "nazwa": "Przystawki"
    }
  },
  {
    "model": "Hotel.KategoriaJedzenia",
    "pk": 2,
    "fields": {
      "nazwa": "Zupy"
    }
  },
  {
    "model": "Hotel.KategoriaJedzenia",
    "pk": 3,
    "fields": {
      "nazwa": "Dania Główne"
    }
  },
  {
    "model": "Hotel.KategoriaJedzenia",
    "pk": 4,
    "fields": {
      "nazwa": "Dodatki"
    }
  },
  {
    "model": "Hotel.KategoriaJedzenia",
    "pk": 5,
    "fields": {
      "nazwa": "Surówki"
    }
  },
  {
    "model": "Hotel.KategoriaJedzenia",
    "pk": 6,
    "fields": {
      "nazwa": "Desery"
    }
  },
  {
    "model": "Hotel.KategoriaJedzenia",
    "pk": 7,
    "fields": {
      "nazwa": "Napoje"
    }
  },
  {
    "model": "Hotel.Jedzenie",
    "pk": 1,
    "fields": {
      "nazwa": "Róża z łososia na zielonej sałacie",
      "cena": "8.00",
      "opis": "To jest opis tego jedzenia. Powinien on znajdować się w kolejnej linijce.",
      "zdjecie": "jedzenie/roza_z_lososia_na_salacie.jpg",
      "kategoria": "1"
    }
  },
  {
    "model": "Hotel.Jedzenie",
    "pk": 2,
    "fields": {
      "nazwa": "Caprese",
      "cena": "7.00",
      "opis": "To jest opis tego jedzenia. Powinien on znajdować się w kolejnej linijce.",
      "zdjecie": "jedzenie/caprese.jpg",
      "kategoria": "1"
    }
  },
  {
    "model": "Hotel.Jedzenie",
    "pk": 3,
    "fields": {
      "nazwa": "Zapiekany camembert z żurawiną i grzankami",
      "cena": "9.50",
      "opis": "To jest opis tego jedzenia. Powinien on znajdować się w kolejnej linijce.",
      "zdjecie": "jedzenie/Zapiekany_camembert.jpg",
      "kategoria": "1"
    }
  },
  {
    "model": "Hotel.Jedzenie",
    "pk": 4,
    "fields": {
      "nazwa": "Schab w galarecie",
      "cena": "6.50",
      "opis": "To jest opis tego jedzenia. Powinien on znajdować się w kolejnej linijce.",
      "zdjecie": "jedzenie/Schab_w_galarecie.jpg",
      "kategoria": "1"
    }
  },
  {
    "model": "Hotel.Jedzenie",
    "pk": 5,
    "fields": {
      "nazwa": "Mix kolorowych sałat z grilowanym kurczakiem i serem pleśniowym",
      "cena": "12.50",
      "opis": "To jest opis tego jedzenia. Powinien on znajdować się w kolejnej linijce.",
      "zdjecie": "jedzenie/Mix_sałat.jpg",
      "kategoria": "1"
    }
  },
  {
    "model": "Hotel.Jedzenie",
    "pk": 6,
    "fields": {
      "nazwa": "Rosół z makaronem",
      "cena": "5.00",
      "opis": "To jest opis tego jedzenia. Powinien on znajdować się w kolejnej linijce.",
      "zdjecie": "jedzenie/Rosół_z_makaronem.jpg",
      "kategoria": "2"
    }
  },
  {
    "model": "Hotel.Jedzenie",
    "pk": 7,
    "fields": {
      "nazwa": "Rosół z jajkiem przepiórczym i szynką",
      "cena": "7.00",
      "opis": "To jest opis tego jedzenia. Powinien on znajdować się w kolejnej linijce.",
      "zdjecie": "jedzenie/Rosół_z_jajkiem_szynką.jpg",
      "kategoria": "2"
    }
  },
  {
    "model": "Hotel.Jedzenie",
    "pk": 8,
    "fields": {
      "nazwa": "Zupa grzybowa w czarce chlebowej",
      "cena": "7.60",
      "opis": "To jest opis tego jedzenia. Powinien on znajdować się w kolejnej linijce.",
      "zdjecie": "jedzenie/zupa_grzybowa.jpg",
      "kategoria": "2"
    }
  },
  {
    "model": "Hotel.Jedzenie",
    "pk": 9,
    "fields": {
      "nazwa": "Krem z brokułów/ zielonego groszku/ selera z prażonymi migdałami",
      "cena": "4.70",
      "opis": "To jest opis tego jedzenia. Powinien on znajdować się w kolejnej linijce.",
      "zdjecie": "jedzenie/krem_z_brokułów.jpg",
      "kategoria": "2"
    }
  },
  {
    "model": "Hotel.Jedzenie",
    "pk": 10,
    "fields": {
      "nazwa": "Zupa serowa z grzankami",
      "cena": "6.70",
      "opis": "To jest opis tego jedzenia. Powinien on znajdować się w kolejnej linijce.",
      "zdjecie": "jedzenie/Zupa_serowa_grzanki.jpg",
      "kategoria": "2"
    }
  },
  {
    "model": "Hotel.Jedzenie",
    "pk": 11,
    "fields": {
      "nazwa": "Schab pieczony w sosie własnym",
      "cena": "8.70",
      "opis": "To jest opis tego jedzenia. Powinien on znajdować się w kolejnej linijce.",
      "zdjecie": "jedzenie/Schab_w_sosie.jpg",
      "kategoria": "3"
    }
  },
  {
    "model": "Hotel.Jedzenie",
    "pk": 12,
    "fields": {
      "nazwa": "Filet z pstrąga w sosie cytrynowym",
      "cena": "9.70",
      "opis": "To jest opis tego jedzenia. Powinien on znajdować się w kolejnej linijce.",
      "zdjecie": "jedzenie/Filet_w_sosie.jpg",
      "kategoria": "3"
    }
  },
  {
    "model": "Hotel.Jedzenie",
    "pk": 13,
    "fields": {
      "nazwa": "Polędwiczki wieprzowe w sosie borowikowym",
      "cena": "10.70",
      "opis": "To jest opis tego jedzenia. Powinien on znajdować się w kolejnej linijce.",
      "zdjecie": "jedzenie/Polędwiczki_w_sosie.jpg",
      "kategoria": "3"
    }
  },
  {
    "model": "Hotel.Jedzenie",
    "pk": 14,
    "fields": {
      "nazwa": "Plater 3 mięs",
      "cena": "12.90",
      "opis": "To jest opis tego jedzenia. Powinien on znajdować się w kolejnej linijce.",
      "zdjecie": "",
      "kategoria": "3"
    }
  },
  {
    "model": "Hotel.Jedzenie",
    "pk": 15,
    "fields": {
      "nazwa": "Rolada z indyka nadziewana szpinakiem i serem feta",
      "cena": "14.20",
      "opis": "To jest opis tego jedzenia. Powinien on znajdować się w kolejnej linijce.",
      "zdjecie": "",
      "kategoria": "3"
    }
  },
  {
    "model": "Hotel.Jedzenie",
    "pk": 16,
    "fields": {
      "nazwa": "Cielęce zrazy zawijane",
      "cena": "9.20",
      "opis": "To jest opis tego jedzenia. Powinien on znajdować się w kolejnej linijce.",
      "zdjecie": "",
      "kategoria": "3"
    }
  },
  {
    "model": "Hotel.Jedzenie",
    "pk": 17,
    "fields": {
      "nazwa": "Kotlet po szwajcarsku nadziewany serem i szynką",
      "cena": "15.00",
      "opis": "To jest opis tego jedzenia. Powinien on znajdować się w kolejnej linijce.",
      "zdjecie": "",
      "kategoria": "3"
    }
  },
  {
    "model": "Hotel.Jedzenie",
    "pk": 18,
    "fields": {
      "nazwa": "Ziemniaki gotowane",
      "cena": "3.00",
      "opis": "To jest opis tego jedzenia. Powinien on znajdować się w kolejnej linijce.",
      "zdjecie": "",
      "kategoria": "4"
    }
  },
  {
    "model": "Hotel.Jedzenie",
    "pk": 19,
    "fields": {
      "nazwa": "Ziemniaki opiekane",
      "cena": "4.00",
      "opis": "To jest opis tego jedzenia. Powinien on znajdować się w kolejnej linijce.",
      "zdjecie": "",
      "kategoria": "4"
    }
  },
  {
    "model": "Hotel.Jedzenie",
    "pk": 20,
    "fields": {
      "nazwa": "Frytki",
      "cena": "5.50",
      "opis": "To jest opis tego jedzenia. Powinien on znajdować się w kolejnej linijce.",
      "zdjecie": "",
      "kategoria": "4"
    }
  },
  {
    "model": "Hotel.Jedzenie",
    "pk": 21,
    "fields": {
      "nazwa": "Dufinki",
      "cena": "6.00",
      "opis": "To jest opis tego jedzenia. Powinien on znajdować się w kolejnej linijce.",
      "zdjecie": "",
      "kategoria": "4"
    }
  },
  {
    "model": "Hotel.Jedzenie",
    "pk": 22,
    "fields": {
      "nazwa": "Kopytka",
      "cena": "5.40",
      "opis": "To jest opis tego jedzenia. Powinien on znajdować się w kolejnej linijce.",
      "zdjecie": "",
      "kategoria": "4"
    }
  },
  {
    "model": "Hotel.Jedzenie",
    "pk": 23,
    "fields": {
      "nazwa": "Kluski śląskie",
      "cena": "4.40",
      "opis": "To jest opis tego jedzenia. Powinien on znajdować się w kolejnej linijce.",
      "zdjecie": "",
      "kategoria": "4"
    }
  },
  {
    "model": "Hotel.Jedzenie",
    "pk": 24,
    "fields": {
      "nazwa": "Ryż",
      "cena": "4.00",
      "opis": "To jest opis tego jedzenia. Powinien on znajdować się w kolejnej linijce.",
      "zdjecie": "",
      "kategoria": "4"
    }
  },
  {
    "model": "Hotel.Jedzenie",
    "pk": 25,
    "fields": {
      "nazwa": "Jarzyny gotowane lub grillowanie",
      "cena": "7.00",
      "opis": "To jest opis tego jedzenia. Powinien on znajdować się w kolejnej linijce.",
      "zdjecie": "",
      "kategoria": "4"
    }
  },
  {
    "model": "Hotel.Jedzenie",
    "pk": 26,
    "fields": {
      "nazwa": "Mizeria",
      "cena": "3.50",
      "opis": "To jest opis tego jedzenia. Powinien on znajdować się w kolejnej linijce.",
      "zdjecie": "",
      "kategoria": "5"
    }
  },
  {
    "model": "Hotel.Jedzenie",
    "pk": 27,
    "fields": {
      "nazwa": "Seler",
      "cena": "2.50",
      "opis": "To jest opis tego jedzenia. Powinien on znajdować się w kolejnej linijce.",
      "zdjecie": "",
      "kategoria": "5"
    }
  },
  {
    "model": "Hotel.Jedzenie",
    "pk": 28,
    "fields": {
      "nazwa": "Marchewka z jabłkiem",
      "cena": "3.20",
      "opis": "To jest opis tego jedzenia. Powinien on znajdować się w kolejnej linijce.",
      "zdjecie": "",
      "kategoria": "5"
    }
  },
  {
    "model": "Hotel.Jedzenie",
    "pk": 29,
    "fields": {
      "nazwa": "Wiosenna",
      "cena": "5.20",
      "opis": "To jest opis tego jedzenia. Powinien on znajdować się w kolejnej linijce.",
      "zdjecie": "",
      "kategoria": "5"
    }
  },
  {
    "model": "Hotel.Jedzenie",
    "pk": 30,
    "fields": {
      "nazwa": "Biała kapusta",
      "cena": "4.00",
      "opis": "To jest opis tego jedzenia. Powinien on znajdować się w kolejnej linijce.",
      "zdjecie": "",
      "kategoria": "5"
    }
  },
  {
    "model": "Hotel.Jedzenie",
    "pk": 31,
    "fields": {
      "nazwa": "Czerwona Kapusta",
      "cena": "4.50",
      "opis": "To jest opis tego jedzenia. Powinien on znajdować się w kolejnej linijce.",
      "zdjecie": "",
      "kategoria": "5"
    }
  },
  {
    "model": "Hotel.Jedzenie",
    "pk": 32,
    "fields": {
      "nazwa": "Kapusta zasmażana",
      "cena": "5.20",
      "opis": "To jest opis tego jedzenia. Powinien on znajdować się w kolejnej linijce.",
      "zdjecie": "",
      "kategoria": "5"
    }
  },
  {
    "model": "Hotel.Jedzenie",
    "pk": 33,
    "fields": {
      "nazwa": "Ćwikła z chrzanem",
      "cena": "3.40",
      "opis": "To jest opis tego jedzenia. Powinien on znajdować się w kolejnej linijce.",
      "zdjecie": "",
      "kategoria": "5"
    }
  },
  {
    "model": "Hotel.Jedzenie",
    "pk": 34,
    "fields": {
      "nazwa": "Buraczki zasmażane",
      "cena": "4.40",
      "opis": "To jest opis tego jedzenia. Powinien on znajdować się w kolejnej linijce.",
      "zdjecie": "",
      "kategoria": "5"
    }
  },
  {
    "model": "Hotel.Jedzenie",
    "pk": 35,
    "fields": {
      "nazwa": "Lody z owocami i bitą śmietaną",
      "cena": "3.50",
      "opis": "To jest opis tego jedzenia. Powinien on znajdować się w kolejnej linijce.",
      "zdjecie": "",
      "kategoria": "6"
    }
  },
  {
    "model": "Hotel.Jedzenie",
    "pk": 36,
    "fields": {
      "nazwa": "Szarlotka z polewą",
      "cena": "5.50",
      "opis": "To jest opis tego jedzenia. Powinien on znajdować się w kolejnej linijce.",
      "zdjecie": "",
      "kategoria": "6"
    }
  },
  {
    "model": "Hotel.Jedzenie",
    "pk": 37,
    "fields": {
      "nazwa": "Szarlotka na ciepło z sosem waniliowym i gałką lodów",
      "cena": "6.00",
      "opis": "To jest opis tego jedzenia. Powinien on znajdować się w kolejnej linijce.",
      "zdjecie": "",
      "kategoria": "6"
    }
  },
  {
    "model": "Hotel.Jedzenie",
    "pk": 38,
    "fields": {
      "nazwa": "Galaretka ze świeżymi owocami",
      "cena": "3.00",
      "opis": "To jest opis tego jedzenia. Powinien on znajdować się w kolejnej linijce.",
      "zdjecie": "",
      "kategoria": "6"
    }
  },
  {
    "model": "Hotel.Jedzenie",
    "pk": 39,
    "fields": {
      "nazwa": "Panacotta z sosem malinowym",
      "cena": "4.00",
      "opis": "To jest opis tego jedzenia. Powinien on znajdować się w kolejnej linijce.",
      "zdjecie": "",
      "kategoria": "6"
    }
  },
  {
    "model": "Hotel.Jedzenie",
    "pk": 40,
    "fields": {
      "nazwa": "Koktajl ze świeżych owoców",
      "cena": "5.40",
      "opis": "To jest opis tego jedzenia. Powinien on znajdować się w kolejnej linijce.",
      "zdjecie": "",
      "kategoria": "6"
    }
  },
  {
    "model": "Hotel.Jedzenie",
    "pk": 41,
    "fields": {
      "nazwa": "Napoje gorące (kawa, herbata) nielimitowane",
      "cena": "5.50",
      "opis": "To jest opis tego jedzenia. Powinien on znajdować się w kolejnej linijce.",
      "zdjecie": "",
      "kategoria": "7"
    }
  },
  {
    "model": "Hotel.Jedzenie",
    "pk": 42,
    "fields": {
      "nazwa": "Napoje zimne (soki, woda mineralna, Coca cola, Fanta, Sprite) nielimitowane",
      "cena": "6.50",
      "opis": "To jest opis tego jedzenia. Powinien on znajdować się w kolejnej linijce.",
      "zdjecie": "",
      "kategoria": "7"
    }
  },
  {
    "model": "Hotel.Usluga",
    "pk": 1,
    "fields": {
      "nazwa": "Pralnia",
      "cena": "10.00",
      "opis": "Podana cena dotyczy udostępnienia jednej pralki na czas jednego prania.",
      "dostepnosc": "True",
      "zewnetrzna": "False"
    }
  },
  {
    "model": "Hotel.Usluga",
    "pk": 2,
    "fields": {
      "nazwa": "Opieka nad dziećmi",
      "cena": "10.00",
      "opis": "Podana cena, to cena za godzine opieki.",
      "dostepnosc": "True",
      "zewnetrzna": "False"
    }
  },
  {
    "model": "Hotel.Usluga",
    "pk": 3,
    "fields": {
      "nazwa": "Sejf/Depozyt",
      "cena": "5.00",
      "opis": "Cena zależna od wielkości przedmiotu. Podana cena dotyczy przechowywania przedmiotu wielkości dużego jabłka przez okres jednego dnia.",
      "dostepnosc": "True",
      "zewnetrzna": "False"
    }
  },
  {
    "model": "Hotel.Usluga",
    "pk": 4,
    "fields": {
      "nazwa": "Sauna",
      "cena": "12.00",
      "opis": "Cena za godzinę przebywania w Saunie. Sauna znajduje się 200 metrów od naszego hotelu.",
      "dostepnosc": "True",
      "zewnetrzna": "True"
    }
  },
  {
    "model": "Hotel.Usluga",
    "pk": 5,
    "fields": {
      "nazwa": "Basen",
      "cena": "10.00",
      "opis": "Cena za godzinę przebywania na terenie basenu. Jest to basen kryty. Basen znajduje się w odległości 300 metrów od naszego hotelu.",
      "dostepnosc": "True",
      "zewnetrzna": "True"
    }
  },
  {
    "model": "Hotel.Usluga",
    "pk": 6,
    "fields": {
      "nazwa": "Kort tenisowy",
      "cena": "20.00",
      "opis": "Cena za wynajęcie kortu na godzinę. Niezależna od ilości graczy. Korty znajdują się 500 metrów od naszego hotelu.",
      "dostepnosc": "True",
      "zewnetrzna": "True"
    }
  },
  {
    "model": "Hotel.Pokoj",
    "pk": 1,
    "fields": {
      "numer": "1",
      "rozmiar": "2",
      "opis": "Rozmiar określa ilość osób, które komfortowo pomieszą się w tym pokoju. Podana cena dotyczy wynajęcia pokoju na 24h (od 15.00 - do 13.00 kolejnego dnia). Cena jest ceną brutto.",
      "opis_combo": "Duża łazienka, dobry widok",
      "dostepnosc": "True"
    }
  },
  {
    "model": "Hotel.Pokoj",
    "pk": 2,
    "fields": {
      "numer": "2",
      "rozmiar": "1",
      "opis": "Rozmiar określa ilość osób, które komfortowo pomieszą się w tym pokoju. Podana cena dotyczy wynajęcia pokoju na 24h (od 15.00 - do 13.00 kolejnego dnia). Cena jest ceną brutto.",
      "opis_combo": "Mała łazienka, 50 calowy tv",
      "dostepnosc": "True"
    }
  },
  {
    "model": "Hotel.Pokoj",
    "pk": 3,
    "fields": {
      "numer": "3",
      "rozmiar": "3",
      "opis": "Rozmiar określa ilość osób, które komfortowo pomieszą się w tym pokoju. Podana cena dotyczy wynajęcia pokoju na 24h (od 15.00 - do 13.00 kolejnego dnia). Cena jest ceną brutto.",
      "opis_combo": "Świeżo malowany, kołyska",
      "dostepnosc": "True"
    }
  },
  {
    "model": "Hotel.Pokoj",
    "pk": 4,
    "fields": {
      "numer": "4",
      "rozmiar": "2",
      "opis": "Rozmiar określa ilość osób, które komfortowo pomieszą się w tym pokoju. Podana cena dotyczy wynajęcia pokoju na 24h (od 15.00 - do 13.00 kolejnego dnia). Cena jest ceną brutto.",
      "opis_combo": "Tani, nowe łóżka",
      "dostepnosc": "True"
    }
  },
  {
    "model": "Hotel.Pokoj",
    "pk": 5,
    "fields": {
      "numer": "5",
      "rozmiar": "2",
      "opis": "Rozmiar określa ilość osób, które komfortowo pomieszą się w tym pokoju. Podana cena dotyczy wynajęcia pokoju na 24h (od 15.00 - do 13.00 kolejnego dnia). Cena jest ceną brutto.",
      "opis_combo": "Łazienka z wanną, kuchnia",
      "dostepnosc": "True"
    }
  },
  {
    "model": "Hotel.Pokoj",
    "pk": 6,
    "fields": {
      "numer": "6",
      "rozmiar": "4",
      "opis": "Rozmiar określa ilość osób, które komfortowo pomieszą się w tym pokoju. Podana cena dotyczy wynajęcia pokoju na 24h (od 15.00 - do 13.00 kolejnego dnia). Cena jest ceną brutto.",
      "opis_combo": "2 pomieszczenia sypialne",
      "dostepnosc": "True"
    }
  },
  {
    "model": "Hotel.Pokoj",
    "pk": 7,
    "fields": {
      "numer": "7",
      "rozmiar": "2",
      "opis": "Rozmiar określa ilość osób, które komfortowo pomieszą się w tym pokoju. Podana cena dotyczy wynajęcia pokoju na 24h (od 15.00 - do 13.00 kolejnego dnia). Cena jest ceną brutto.",
      "opis_combo": "Obrazy, ładny wystrój",
      "dostepnosc": "True"
    }
  },
  {
    "model": "Hotel.Pokoj",
    "pk": 8,
    "fields": {
      "numer": "8",
      "rozmiar": "2",
      "opis": "Rozmiar określa ilość osób, które komfortowo pomieszą się w tym pokoju. Podana cena dotyczy wynajęcia pokoju na 24h (od 15.00 - do 13.00 kolejnego dnia). Cena jest ceną brutto.",
      "opis_combo": "Nowoczesny pokój dla dwojga",
      "dostepnosc": "True"
    }
  },
  {
    "model": "Hotel.Pokoj",
    "pk": 9,
    "fields": {
      "numer": "9",
      "rozmiar": "2",
      "opis": "Rozmiar określa ilość osób, które komfortowo pomieszą się w tym pokoju. Podana cena dotyczy wynajęcia pokoju na 24h (od 15.00 - do 13.00 kolejnego dnia). Cena jest ceną brutto.",
      "opis_combo": "Pokój z wyższej półki dla 2",
      "dostepnosc": "True"
    }
  },
  {
    "model": "Hotel.Pokoj",
    "pk": 10,
    "fields": {
      "numer": "10",
      "rozmiar": "3",
      "opis": "Rozmiar określa ilość osób, które komfortowo pomieszą się w tym pokoju. Podana cena dotyczy wynajęcia pokoju na 24h (od 15.00 - do 13.00 kolejnego dnia). Cena jest ceną brutto.",
      "opis_combo": "Ładny widok, pokój na parterze",
      "dostepnosc": "True"
    }
  },
  {
    "model": "Hotel.Pokoj",
    "pk": 11,
    "fields": {
      "numer": "11",
      "rozmiar": "1",
      "opis": "Rozmiar określa ilość osób, które komfortowo pomieszą się w tym pokoju. Podana cena dotyczy wynajęcia pokoju na 24h (od 15.00 - do 13.00 kolejnego dnia). Cena jest ceną brutto.",
      "opis_combo": "Najlepszy wybór dla singla",
      "dostepnosc": "False"
    }
  },
  {
    "model": "Hotel.CenaPokoju",
    "pk": 1,
    "fields": {
      "rozmiar": "1",
      "cena": "100.00"
    }
  },
  {
    "model": "Hotel.CenaPokoju",
    "pk": 2,
    "fields": {
      "rozmiar": "2",
      "cena": "120.00"
    }
  },
  {
    "model": "Hotel.CenaPokoju",
    "pk": 3,
    "fields": {
      "rozmiar": "3",
      "cena": "150.00"
    }
  },
  {
    "model": "Hotel.CenaPokoju",
    "pk": 4,
    "fields": {
      "rozmiar": "4",
      "cena": "200.00"
    }
  },
  {
    "model": "Hotel.Wiadomosc",
    "pk": 1,
    "fields": {
      "email": "xxx69@op.pl",
      "nazwisko": "Nowak",
      "tresc": "Witam, proszę o opisanie wielkości łóżek w pokoju numer 4.",
      "odpowiedz": "Witam serdecznie, wymiary łóżek w tym pokoju wynoszą: wysokość - 40c, szerokość - 90cm, długość - 190cm. Pozdrawiam i zapraszam. ",
      "wyslano_odpowiedz": "True"
    }
  },
  {
    "model": "Hotel.Wiadomosc",
    "pk": 2,
    "fields": {
      "email": "dziadzia@gmail.com",
      "nazwisko": "Dziadek",
      "tresc": "Chciałbym się dowiedzieć jakie kanały są dostępne w tv. Chodzi o pokój numer 2.",
      "odpowiedz": "Witam, W pokoju numer 2 dostępne są wszystkie kanały dostępne w ofercie Cyfrowy Polsat. Pozdrawiam i zapraszam.",
      "wyslano_odpowiedz": "True"
    }
  },
  {
    "model": "Hotel.Wiadomosc",
    "pk": 3,
    "fields": {
      "email": "wielki_misio@o2.pl",
      "nazwisko": "",
      "tresc": "Chciałbym się dowiedzieć, czy jest możliwość wyścielenia łóżka różami przed moim przyjazdem do hotelu? Oczywiście zapłacę.",
      "odpowiedz": "Witam, oczywiście możemy to zrobić na życzenie klienta. Proszę mi tylko podać dane do swojej rezerwacji.",
      "wyslano_odpowiedz": "True"
    }
  },
  {
    "model": "Hotel.Wiadomosc",
    "pk": 4,
    "fields": {
      "email": "",
      "nazwisko": "",
      "tresc": "Dół waszej strony źle wyświetla się na moim telefonie - samsung galaxy 4. Defaultowa przeglądarka z jej aktualną wersją.",
      "odpowiedz": "",
      "wyslano_odpowiedz": "False"
    }
  },
  {
    "model": "Hotel.OpisHotelu",
    "pk": 1,
    "fields": {
      "cena_dorosly": "40.00",
      "cena_dziecko": "25.00",
      "opis_hotelu": "Hotel Messiah położony jest w Krakowie przy ulicy Aleksandry 30, przy trasie międzynarodowej E4 i obwodnicy krakowskiej. Hotel posiada dogodne i szybkie połączenia z Wawelem (6 km), Wieliczką (3 km), Kazimierzem (4 km) i Portem Lotniczym w Balicach (22 km). Położenie Hotelu XXXXX umożliwia wygodne planowanie dalszych wycieczek turystycznych do m.in. Zakopanego, Oświęcimia i Częstochowy oraz doskonałe połączenie tramwajowe i autobusowe z ważniejszymi częściami Krakowa. Obiekt usytuowany jest wśród zieleni, co gwarantuje naszym Gościom indywidualnym, biznesowym oraz grupom turystycznym, wypoczynek w ciszy i spokoju, z dala od ulicznego zgiełku i hałasu, o każdej porze roku. Gwarantujemy miłą, profesjonalną obsługę oraz wygodę i domową atmosferę. Recepcja służy Państwu pomocą 24h/dobę. Hotel oferuje standard 3-gwiazdkowy plus w cenie 2-gwiazdkowej.",
      "zdjecie": "hotel/hotel.jpg",
      "opis_google": "Hotel",
      "adres": "Kraków, ul. Aleksandry 30, 30-837",
      "telefon": "884-244-633",
      "skype": "hotel messiah",
      "gadu_gadu": "12345678",
      "email": "kontakt@messiah.com",
      "facebook": "https://www.facebook.com/Messiah",
      "twitter": "https://twitter.com/Messiah",
      "wyswietlaj_mape": "True",
      "html_mapy_google": "",
      "logo": "",
      "tekst_logo": "Nowy Tani 3 Gwiazdkowy Hotel",
      "tekst_logo_widoczny": "True",
      "uklad": "ML"
    }
  },
  {
    "model": "Hotel.Rezerwacja",
    "pk": 1,
    "fields": {
      "poczatek_pobytu": "2013-10-17",
      "koniec_pobytu": "2013-10-20",
      "email": "random_email@gmail.com",
      "telefon": "111234528",
      "nazwisko": "Kowalski",
      "dodatkowe_instrukcje": "Proszę o wysypanie wiadra cukierków - krówek - na łóżko",
      "kod": "1f5Tf78Wmm91",
      "notatka": "Wiadro wysypane, wszystko gotowe. Cena uzgodniona z klientem.",
      "cena_dorosly": "40.00",
      "cena_dziecko": "25.00"
    }
  },
  {
    "model": "Hotel.Rezerwacja",
    "pk": 2,
    "fields": {
      "poczatek_pobytu": "2013-10-24",
      "koniec_pobytu": "2013-10-30",
      "email": "randomszx_email@op.pl",
      "telefon": "124235633",
      "nazwisko": "Nowak",
      "dodatkowe_instrukcje": "Proszę o przygotowanie różnego rodzaju olejków do kąpieli w łazience.",
      "kod": "T2s44Ghj812c",
      "notatka": "Dodatkowa porcja olejków naszykowana w pokoju.",
      "cena_dorosly": "40.00",
      "cena_dziecko": "25.00"
    }
  },
  {
    "model": "Hotel.Rezerwacja",
    "pk": 3,
    "fields": {
      "poczatek_pobytu": "2013-11-02",
      "koniec_pobytu": "2013-11-05",
      "email": "prawdziwymail@hotmail.com",
      "telefon": "",
      "nazwisko": "Czosnek",
      "dodatkowe_instrukcje": "",
      "kod": "sau72N9aA9md",
      "notatka": "",
      "cena_dorosly": "40.00",
      "cena_dziecko": "25.00"
    }
  },
  {
    "model": "Hotel.Rezerwacja",
    "pk": 4,
    "fields": {
      "poczatek_pobytu": "2013-09-01",
      "koniec_pobytu": "2013-09-04",
      "email": "mojmail@hotmail.com",
      "telefon": "212578933",
      "nazwisko": "Brzoza",
      "dodatkowe_instrukcje": "",
      "kod": "as9dmaAdd219",
      "notatka": "",
      "cena_dorosly": "40.00",
      "cena_dziecko": "25.00"
    }
  },
  {
    "model": "Hotel.Rezerwacja",
    "pk": 5,
    "fields": {
      "poczatek_pobytu": "2013-08-12",
      "koniec_pobytu": "2013-08-15",
      "email": "mariusz.jankowski@hotmail.com",
      "telefon": "712939152",
      "nazwisko": "Janowski",
      "dodatkowe_instrukcje": "Domagam się różowych zasłon!",
      "kod": "Axi8291oaAAx",
      "notatka": "Różowe zasłony zawieszone.",
      "cena_dorosly": "40.00",
      "cena_dziecko": "25.00"
    }
  },
  {
    "model": "Hotel.Rezerwacja",
    "pk": 6,
    "fields": {
      "poczatek_pobytu": "2013-11-02",
      "koniec_pobytu": "2013-11-05",
      "email": "emilia.cwierk@hotmail.com",
      "telefon": "",
      "nazwisko": "Ćwierk",
      "dodatkowe_instrukcje": "",
      "kod": "2i9XaZ01su2I",
      "notatka": "",
      "cena_dorosly": "40.00",
      "cena_dziecko": "25.00"
    }
  },
  {
    "model": "Hotel.Rezerwacja",
    "pk": 7,
    "fields": {
      "poczatek_pobytu": "2013-11-06",
      "koniec_pobytu": "2013-11-15",
      "email": "piotr.ziele@hotmail.com",
      "telefon": "880124512",
      "nazwisko": "Ziele",
      "dodatkowe_instrukcje": "",
      "kod": "si2maAx2kA1d",
      "notatka": "",
      "cena_dorosly": "40.00",
      "cena_dziecko": "25.00"
    }
  },
  {
    "model": "Hotel.Rezerwacja",
    "pk": 8,
    "fields": {
      "poczatek_pobytu": "2013-07-08",
      "koniec_pobytu": "2013-07-11",
      "email": "bogdan.sienkiewicz@hotmail.com",
      "telefon": "235235623623",
      "nazwisko": "Sienkiewicz",
      "dodatkowe_instrukcje": "",
      "kod": "op01mS91am22",
      "notatka": "",
      "cena_dorosly": "40.00",
      "cena_dziecko": "25.00"
    }
  },
  {
    "model": "Hotel.Rezerwacja",
    "pk": 9,
    "fields": {
      "poczatek_pobytu": "2013-07-22",
      "koniec_pobytu": "2013-07-25",
      "email": "toberus@gmail.com",
      "telefon": "",
      "nazwisko": "Tober",
      "dodatkowe_instrukcje": "",
      "kod": "25kax0La1Xa1",
      "notatka": "",
      "cena_dorosly": "40.00",
      "cena_dziecko": "25.00"
    }
  },
  {
    "model": "Hotel.Rezerwacja",
    "pk": 10,
    "fields": {
      "poczatek_pobytu": "2013-12-02",
      "koniec_pobytu": "2013-12-05",
      "email": "turkos555@hotmail.com",
      "telefon": "4256626243246",
      "nazwisko": "Turkos",
      "dodatkowe_instrukcje": "",
      "kod": "91mx9am1ssja",
      "notatka": "",
      "cena_dorosly": "40.00",
      "cena_dziecko": "25.00"
    }
  },
  {
    "model": "Hotel.UslugaNaRezerwacji",
    "pk": 1,
    "fields": {
      "rezerwacja": "1",
      "usluga": "3",
      "cena": "40.00"
    }
  },
  {
    "model": "Hotel.UslugaNaRezerwacji",
    "pk": 2,
    "fields": {
      "rezerwacja": "1",
      "usluga": "1",
      "cena": "10.00"
    }
  },
  {
    "model": "Hotel.UslugaNaRezerwacji",
    "pk": 3,
    "fields": {
      "rezerwacja": "2",
      "usluga": "4",
      "cena": "36.00"
    }
  },
  {
    "model": "Hotel.UslugaNaRezerwacji",
    "pk": 4,
    "fields": {
      "rezerwacja": "3",
      "usluga": "5",
      "cena": "30.00"
    }
  },
  {
    "model": "Hotel.UslugaNaRezerwacji",
    "pk": 5,
    "fields": {
      "rezerwacja": "4",
      "usluga": "6",
      "cena": "40.00"
    }
  },
  {
    "model": "Hotel.UslugaNaRezerwacji",
    "pk": 6,
    "fields": {
      "rezerwacja": "5",
      "usluga": "2",
      "cena": "50.00"
    }
  },
  {
    "model": "Hotel.UslugaNaRezerwacji",
    "pk": 7,
    "fields": {
      "rezerwacja": "6",
      "usluga": "5",
      "cena": "30.00"
    }
  },
  {
    "model": "Hotel.UslugaNaRezerwacji",
    "pk": 8,
    "fields": {
      "rezerwacja": "6",
      "usluga": "4",
      "cena": "12.00"
    }
  },
  {
    "model": "Hotel.PokojNaRezerwacji",
    "pk": 1,
    "fields": {
      "rezerwacja": "1",
      "pokoj": "1",
      "doroslych": "1",
      "dzieci": "1",
      "cena": "270.00"
    }
  },
  {
    "model": "Hotel.PokojNaRezerwacji",
    "pk": 2,
    "fields": {
      "rezerwacja": "2",
      "pokoj": "8",
      "doroslych": "2",
      "dzieci": "0",
      "cena": "900.00"
    }
  },
  {
    "model": "Hotel.PokojNaRezerwacji",
    "pk": 3,
    "fields": {
      "rezerwacja": "3",
      "pokoj": "2",
      "doroslych": "1",
      "dzieci": "0",
      "cena": "225.00"
    }
  },
  {
    "model": "Hotel.PokojNaRezerwacji",
    "pk": 4,
    "fields": {
      "rezerwacja": "4",
      "pokoj": "3",
      "doroslych": "3",
      "dzieci": "0",
      "cena": "480.00"
    }
  },
  {
    "model": "Hotel.PokojNaRezerwacji",
    "pk": 5,
    "fields": {
      "rezerwacja": "5",
      "pokoj": "9",
      "doroslych": "2",
      "dzieci": "0",
      "cena": "510.00"
    }
  },
  {
    "model": "Hotel.PokojNaRezerwacji",
    "pk": 6,
    "fields": {
      "rezerwacja": "6",
      "pokoj": "5",
      "doroslych": "2",
      "dzieci": "0",
      "cena": "420.00"
    }
  },
  {
    "model": "Hotel.PokojNaRezerwacji",
    "pk": 7,
    "fields": {
      "rezerwacja": "7",
      "pokoj": "2",
      "doroslych": "1",
      "dzieci": "0",
      "cena": "675.00"
    }
  },
  {
    "model": "Hotel.PokojNaRezerwacji",
    "pk": 8,
    "fields": {
      "rezerwacja": "8",
      "pokoj": "10",
      "doroslych": "2",
      "dzieci": "1",
      "cena": "450.00"
    }
  },
  {
    "model": "Hotel.PokojNaRezerwacji",
    "pk": 9,
    "fields": {
      "rezerwacja": "9",
      "pokoj": "1",
      "doroslych": "2",
      "dzieci": "0",
      "cena": "360.00"
    }
  },
  {
    "model": "Hotel.PokojNaRezerwacji",
    "pk": 10,
    "fields": {
      "rezerwacja": "10",
      "pokoj": "2",
      "doroslych": "1",
      "dzieci": "0",
      "cena": "225.00"
    }
  },
  {
    "model": "Hotel.PokojNaRezerwacji",
    "pk": 11,
    "fields": {
      "rezerwacja": "10",
      "pokoj": "9",
      "doroslych": "2",
      "dzieci": "0",
      "cena": "510.00"
    }
  }
]